"XP version",11110
"XTD folder","C:\X-Plane 11\Output\preferences\..\"
"Aircraft model",C172
"Aircraft tail number","N172SP"
"Airport ICAO",KPHX
"Airport name","Phoenix Sky Harbor Intl"
"Touchdown time",2018-03-13 22:08:01
"Timezone",+0800
"time(s)",164.19,164.21,164.23,164.26,164.28,164.30,164.33,164.35,164.37,164.40,164.43,164.45,164.47,164.50,164.52,164.55,164.57,164.60,164.62,164.64,164.67,164.70,164.72,164.75,164.77,164.80,164.82,164.85,164.88,164.90,164.93,164.95,164.98,165.00,165.02,165.05,165.07,165.09,165.11,165.14,165.16,165.18,165.20,165.23,165.25,165.27,165.30,165.32,165.34,165.36,165.39,165.41,165.43,165.45,165.48,165.50,165.52,165.54,165.57,165.59,165.62,165.64,165.66,165.69,165.71,165.73,165.75,165.78,165.80,165.83,165.85,165.87,165.89,165.92,165.94,165.96,165.99,166.01,166.03,166.05,166.08,166.10,166.12,166.14,166.17,166.19,166.21,166.24,166.26,166.28,166.31,166.34,166.36,166.39,166.42,166.44,166.47,166.49,166.52,166.54,166.57,166.60,166.62,166.65,166.68,166.70,166.72,166.75,166.77,166.80,166.82,166.84,166.87,166.89,166.91,166.93,166.95,166.98,167.00,167.02,167.05,167.07,167.09,167.11,167.14,167.16,167.19,167.21,167.23,167.25,167.28,167.30,167.33,167.35,167.37,167.40,167.42,167.44,167.47,167.49,167.51,167.53,167.56,167.58,167.60,167.63,167.65,167.67,167.69,167.72,167.74,167.76,167.78,167.81,167.83,167.85,167.87,167.90,167.92,167.94,167.97,167.99,168.01,168.03,168.05,168.08,168.10,168.12,168.15,168.17,168.19,168.21,168.24,168.26,168.28,168.30,168.33,168.35,168.37,168.40,168.42,168.45,168.47,168.50,168.52,168.55,168.57,168.59,168.62,168.64,168.66,168.69,168.71,168.73,168.75,168.78,168.80,168.83,168.85,168.88,168.90,168.92,168.94,168.97,168.99,169.01,169.03,169.05,169.08,169.10,169.12,169.14,169.16,169.19,169.21,169.23,169.26,169.28,169.30,169.33,169.35,169.37,169.40,169.42,169.44,169.46,169.49,169.51,169.53,169.56,169.58,169.61,169.63,169.65,169.67,169.70,169.72,169.74,169.76,169.79,169.81,169.83,169.85,169.88,169.90,169.92,169.94,169.96,169.99,170.01,170.03,170.05,170.08,170.10,170.12,170.14,170.16,170.19,170.21,170.23,170.25,170.28,170.30,170.33,170.35,170.37,170.40,170.42,170.45,170.47,170.49,170.52,170.54,170.56,170.59,170.61,170.64,170.66,170.69,170.71,170.73,170.76,170.79,170.81,170.84,170.86,170.88,170.90,170.93,170.95,170.97,171.00,171.02,171.04,171.07,171.09,171.11,171.13,171.15,171.18,171.20,171.22,171.24,171.27,171.29,171.31,171.34,171.36,171.39,171.41,171.43,171.45,171.48,171.50,171.52,171.55,171.57,171.59,171.61,171.63,171.66,171.68,171.71,171.73,171.76,171.78,171.80,171.83,171.85,171.87,171.90,171.92,171.94,171.97,171.99,172.01,172.03,172.05,172.08,172.10,172.12,172.14,172.16,172.19,172.21,172.23,172.25,172.27,172.30,172.32,172.34,172.36,172.39,172.41,172.43,172.45,172.47,172.50,172.52,172.54,172.56,172.58,172.61,172.63,172.65,172.67,172.70,172.72,172.74,172.76,172.78,172.81,172.83,172.86,172.88,172.91,172.94,172.96,172.99,173.01,173.03,173.05,173.08,173.10,173.12,173.14,173.16,173.19,173.21,173.23,173.25,173.28,173.31,173.34,173.36,173.39,173.41,173.43,173.45,173.48,173.50,173.52,173.54,173.56,173.59,173.61,173.63,173.66,173.68,173.70,173.73,173.75,173.77,173.80,173.82,173.84,173.86,173.89,173.91,173.93,173.95,173.98,174.00,174.03,174.05,174.07,174.09,174.12,174.14,174.17,174.19,174.21,174.23,174.26,174.28,174.30,174.33,174.35,174.37,174.40,174.42,174.45,174.47,174.49,174.52,174.54,174.56,174.59,174.61,174.64,174.66,174.69,174.71,174.73,174.76,174.78,174.81,174.83,174.86,174.88,174.90,174.93,174.95,174.98,175.00,175.03,175.05,175.07,175.09,175.12,175.14,175.16,175.19,175.21,175.23,175.25,175.28,175.30,175.32,175.35,175.37,175.39,175.41,175.44,175.46,175.49,175.51,175.54,175.56,175.58,175.61,175.63,175.65,175.68,175.70,175.72,175.74,175.76,175.79,175.81,
"is air",0,0,0,0,0,0,0,0,0,0,0,0,0,0,0,0,0,0,0,0,0,0,0,0,0,0,0,0,0,0,0,0,0,0,0,0,0,0,0,0,0,0,0,0,0,0,0,0,0,0,0,0,0,0,0,0,0,0,0,0,0,0,0,0,0,0,0,0,0,0,0,0,0,0,0,0,0,0,0,0,0,0,0,0,0,0,0,0,0,0,0,0,0,0,0,0,0,0,0,0,0,0,0,0,0,0,0,0,0,0,0,0,0,0,0,0,0,0,0,0,0,0,0,0,0,0,0,0,0,0,0,0,0,0,0,0,0,0,0,0,0,0,0,0,0,0,0,0,0,0,0,0,0,0,0,0,0,0,0,0,0,0,0,0,0,0,0,0,0,0,0,0,0,0,0,0,0,0,0,0,0,0,0,0,0,0,0,0,0,0,0,0,0,0,0,0,0,0,0,0,0,0,0,0,0,0,0,0,0,0,0,0,0,0,0,0,0,0,0,0,0,0,0,0,0,0,0,0,0,0,0,0,0,0,0,0,0,0,0,0,0,0,0,0,0,0,0,0,0,0,0,0,0,0,0,0,0,0,0,0,0,0,0,0,0,0,0,0,0,0,0,0,0,0,0,0,0,0,0,0,0,0,0,0,0,0,0,0,0,0,0,0,0,0,0,0,0,0,0,0,0,0,0,0,0,0,0,0,0,0,0,0,0,0,0,0,0,0,0,0,0,0,0,0,0,0,0,0,0,0,0,0,0,0,0,0,0,0,0,0,0,0,0,0,0,0,0,0,0,0,0,0,0,0,0,0,0,0,0,0,0,0,0,0,0,0,0,0,0,0,0,0,0,0,0,0,0,0,0,0,0,0,0,0,0,0,0,0,0,1,1,1,1,1,1,1,1,1,1,1,1,1,1,1,1,1,1,1,1,1,1,1,1,1,1,1,1,1,1,1,1,1,1,1,1,1,1,1,1,1,1,1,1,1,1,1,1,1,1,1,1,1,1,1,1,1,1,1,1,1,1,1,1,1,1,1,1,1,1,1,1,1,1,1,1,1,1,1,1,1,1,1,1,1,1,1,1,1,1,1,1,1,1,1,1,1,1,1,1,1,1,1,1,1,1,1,1,1,1,1,
"(fpm)",-266.97,-267.27,-267.58,-267.90,-268.22,-268.52,-268.86,-269.14,-269.42,-269.70,-270.00,-270.30,-270.54,-270.77,-271.02,-271.25,-271.44,-271.62,-271.82,-271.98,-272.13,-272.28,-272.41,-272.52,-272.61,-272.69,-272.73,-272.76,-272.76,-272.74,-272.69,-272.62,-272.53,-272.41,-272.27,-272.13,-271.96,-271.77,-271.56,-271.34,-271.09,-270.82,-270.54,-270.23,-269.90,-269.55,-269.18,-268.72,-268.32,-267.89,-267.44,-266.98,-266.50,-266.00,-265.45,-264.91,-264.36,-263.81,-263.25,-262.57,-261.99,-261.41,-260.82,-260.12,-259.52,-258.94,-258.32,-257.74,-257.04,-256.48,-255.92,-255.38,-254.86,-254.36,-253.86,-253.38,-252.91,-252.37,-251.95,-251.54,-251.16,-250.79,-250.45,-250.10,-249.78,-249.49,-249.21,-248.95,-248.66,-248.43,-248.22,-248.00,-247.80,-247.63,-247.48,-247.35,-247.24,-247.17,-247.10,-247.04,-247.01,-246.99,-246.98,-246.99,-247.01,-247.05,-247.09,-247.13,-247.19,-247.25,-247.32,-247.39,-247.46,-247.53,-247.61,-247.68,-247.75,-247.83,-247.90,-247.98,-248.05,-248.13,-248.20,-248.27,-248.34,-248.40,-248.48,-248.54,-248.62,-248.67,-248.73,-248.80,-248.85,-248.90,-248.95,-249.00,-249.04,-249.07,-249.10,-249.13,-249.14,-249.15,-249.14,-249.13,-249.11,-249.07,-249.02,-248.96,-248.88,-248.78,-248.67,-248.54,-248.39,-248.23,-248.03,-247.81,-247.58,-247.33,-247.07,-246.76,-246.44,-246.02,-245.64,-245.24,-244.82,-244.38,-243.91,-243.43,-242.79,-242.23,-241.65,-241.06,-240.41,-239.77,-239.10,-238.40,-237.68,-236.94,-236.04,-235.25,-234.43,-233.45,-232.60,-231.54,-230.50,-229.61,-228.52,-227.56,-226.59,-225.40,-224.42,-223.44,-222.22,-221.18,-220.12,-219.05,-218.01,-216.91,-215.53,-214.18,-213.02,-211.84,-210.69,-209.52,-208.32,-207.12,-205.92,-204.70,-203.49,-202.25,-201.02,-199.78,-198.55,-197.27,-195.98,-194.65,-193.08,-191.75,-190.39,-189.02,-187.34,-185.93,-184.54,-183.10,-181.68,-180.26,-178.81,-177.08,-175.58,-174.01,-172.48,-170.94,-169.08,-167.51,-165.84,-164.24,-162.63,-160.98,-159.32,-157.66,-155.94,-154.24,-152.41,-150.68,-148.96,-147.20,-145.48,-143.79,-142.00,-140.16,-138.34,-136.56,-134.76,-132.96,-131.17,-129.37,-127.57,-125.79,-123.96,-122.22,-120.42,-118.60,-116.87,-115.07,-112.91,-111.17,-109.31,-107.33,-105.50,-103.72,-101.94,-100.32,-98.30,-96.75,-95.20,-93.54,-92.03,-90.04,-88.52,-87.06,-85.64,-84.31,-82.73,-81.17,-79.76,-78.48,-77.29,-76.11,-75.00,-73.84,-72.74,-71.69,-70.61,-69.62,-68.69,-67.76,-66.84,-65.99,-65.17,-64.38,-63.58,-62.81,-62.06,-61.32,-60.48,-59.79,-59.10,-58.44,-57.78,-57.05,-56.43,-55.86,-55.31,-54.67,-54.15,-53.64,-53.15,-52.69,-52.26,-51.84,-51.45,-51.06,-50.64,-50.32,-49.96,-49.64,-49.40,-49.18,-49.00,-48.83,-48.71,-48.60,-48.54,-48.52,-48.52,-48.56,-48.63,-48.74,-48.88,-49.04,-49.25,-49.48,-49.76,-50.06,-50.40,-50.79,-51.21,-51.65,-52.13,-52.66,-53.22,-53.79,-54.40,-55.05,-55.74,-56.46,-57.19,-57.94,-58.72,-59.56,-60.42,-61.30,-62.23,-63.14,-64.14,-65.11,-66.13,-67.20,-68.25,-69.35,-70.47,-71.57,-72.74,-74.14,-75.32,-76.84,-78.36,-79.69,-81.24,-82.55,-83.92,-85.21,-86.51,-87.82,-89.13,-90.44,-91.74,-93.08,-94.44,-95.91,-97.22,-98.46,-99.79,-100.94,-101.74,-102.21,-102.30,-102.13,-101.74,-101.15,-100.39,-99.46,-98.39,-97.07,-95.77,-94.32,-92.85,-91.15,-89.55,-87.78,-86.08,-84.02,-82.28,-80.54,-78.77,-77.01,-75.27,-73.59,-71.81,-70.11,-68.45,-66.77,-65.11,-63.20,-61.59,-59.93,-58.36,-56.76,-54.90,-53.37,-51.87,-50.37,-48.88,-47.42,-46.01,-44.35,-42.98,-41.59,-40.27,-39.01,-37.50,-36.30,-34.86,-33.68,-32.55,-31.44,-30.34,-29.31,-28.11,-26.96,-25.88,-24.99,-24.14,-23.17,-22.39,-21.50,-20.77,-20.07,-19.40,-18.63,-18.03,-17.30,-16.64,-16.11,-15.61,-15.14,-14.62,-14.19,-13.80,-13.43,-13.03,-12.70,-12.40,-12.11,-11.83,-11.56,-11.29,-11.04,-10.79,-10.55,-10.31,-10.09,-9.87,-9.66,-9.46,-9.24,-9.02,-8.85,-8.66,-8.50,-8.35,-8.17,-8.01,-7.84,-7.67,-7.48,-7.30,-7.11,-6.92,-6.72,
"G force(G)",1.00,1.00,1.00,1.00,1.01,1.01,1.01,1.01,1.01,1.00,1.01,1.01,1.01,1.01,1.01,1.00,1.01,1.01,1.01,1.01,1.01,1.02,1.02,1.02,1.02,1.02,1.02,1.02,1.02,1.02,1.02,1.02,1.02,1.02,1.03,1.03,1.02,1.02,1.02,1.02,1.03,1.03,1.03,1.03,1.03,1.03,1.03,1.02,1.02,1.02,1.02,1.02,1.02,1.01,1.01,1.01,1.01,1.01,1.00,1.00,1.00,1.00,0.99,0.99,0.99,0.99,0.99,0.99,0.99,0.99,0.99,0.99,0.99,0.99,0.99,0.99,0.99,0.99,0.99,0.99,0.99,0.99,0.99,0.99,0.99,0.99,0.99,0.99,0.99,0.99,0.99,0.99,0.99,0.99,0.99,0.99,0.99,0.99,0.99,0.99,0.99,0.99,1.00,1.00,1.00,1.00,1.00,1.00,1.00,1.00,1.00,1.00,1.00,1.00,1.00,1.00,1.00,1.00,1.00,1.00,1.00,1.00,1.00,1.00,1.00,1.00,1.00,1.00,1.00,1.00,1.00,1.00,1.00,1.00,1.00,1.01,1.01,1.01,1.01,1.02,1.02,1.02,1.02,1.02,1.02,1.02,1.03,1.03,1.03,1.03,1.03,1.03,1.03,1.03,1.03,1.03,1.03,1.03,1.03,1.03,1.03,1.03,1.04,1.03,1.03,1.03,1.03,1.03,1.03,1.03,1.03,1.03,1.03,1.03,1.03,1.03,1.03,1.03,1.03,1.03,1.03,1.03,1.03,1.03,1.03,1.03,1.03,1.03,1.03,1.03,1.03,1.03,1.03,1.03,1.03,1.03,1.03,1.03,1.04,1.04,1.04,1.04,1.04,1.04,1.03,1.03,1.03,1.03,1.03,1.04,1.04,1.04,1.04,1.04,1.05,1.05,1.04,1.04,1.04,1.04,1.05,1.05,1.05,1.05,1.05,1.05,1.05,1.05,1.05,1.05,1.05,1.05,1.05,1.05,1.05,1.05,1.05,1.05,1.05,1.05,1.05,1.04,1.04,1.04,1.04,1.04,1.04,1.04,1.03,1.03,1.03,1.03,1.03,1.03,1.03,1.02,1.02,1.02,1.02,1.02,1.02,1.02,1.01,1.01,1.01,1.01,1.01,1.01,1.01,1.01,1.00,1.00,1.00,1.00,1.00,1.00,1.00,1.00,1.00,1.00,1.00,1.00,1.00,1.00,1.00,1.00,1.00,1.00,1.00,1.00,1.00,1.00,1.00,1.00,1.00,1.00,1.01,1.01,1.01,1.01,1.01,1.01,1.00,1.00,1.00,1.00,1.00,1.00,1.00,1.00,1.00,0.99,0.99,0.99,0.99,0.99,0.99,0.98,0.98,0.98,0.98,0.98,0.98,0.97,0.97,0.97,0.97,0.97,0.97,0.97,0.97,0.96,0.96,0.96,0.96,0.96,0.96,0.96,0.96,0.96,0.96,0.96,0.96,0.96,0.96,0.96,0.96,0.96,0.96,0.96,0.96,0.96,0.96,0.96,0.96,0.96,0.96,0.96,0.96,0.96,0.96,0.96,0.96,0.96,0.96,0.96,0.96,0.96,0.96,0.96,0.96,0.97,0.96,0.97,0.96,0.96,0.97,0.97,0.97,0.97,0.97,0.97,0.97,0.96,0.97,0.97,0.97,0.97,0.97,1.68,1.44,1.31,2.09,1.70,1.42,1.23,1.11,1.05,1.01,0.97,0.94,0.93,0.94,0.94,0.94,0.95,0.96,0.97,0.97,0.97,0.97,0.98,0.98,0.99,0.99,0.99,0.99,1.01,1.01,1.03,1.03,1.02,1.03,1.02,1.02,1.02,1.02,1.01,1.00,1.00,1.00,1.00,1.00,1.00,1.01,1.01,1.01,1.00,1.00,0.99,0.99,0.99,1.00,0.99,0.99,0.98,0.98,0.99,0.99,0.99,0.99,1.00,1.01,1.01,1.01,1.00,1.00,0.99,1.00,1.00,0.99,0.98,0.99,0.99,0.99,0.99,0.99,1.00,1.00,1.01,1.02,1.02,1.02,1.02,1.02,1.02,1.01,1.01,1.00,0.99,0.99,1.00,1.00,0.99,0.99,1.00,1.00,1.01,1.01,1.02,1.10,1.05,1.01,1.00,1.00,0.99,1.00,1.00,1.01,1.01,
"pitch(degree)",2.36,2.38,2.39,2.41,2.43,2.44,2.46,2.48,2.50,2.51,2.53,2.55,2.57,2.59,2.61,2.63,2.64,2.66,2.69,2.71,2.73,2.76,2.79,2.81,2.84,2.87,2.90,2.92,2.95,2.97,2.99,3.01,3.03,3.05,3.06,3.07,3.09,3.09,3.10,3.11,3.12,3.12,3.12,3.12,3.12,3.11,3.10,3.09,3.08,3.07,3.05,3.03,3.01,2.99,2.96,2.94,2.91,2.89,2.86,2.83,2.80,2.77,2.75,2.72,2.69,2.67,2.65,2.63,2.61,2.59,2.57,2.56,2.54,2.53,2.52,2.51,2.50,2.49,2.48,2.47,2.47,2.46,2.46,2.45,2.45,2.44,2.44,2.44,2.44,2.43,2.43,2.43,2.43,2.42,2.42,2.42,2.42,2.42,2.42,2.42,2.43,2.43,2.43,2.44,2.44,2.44,2.45,2.45,2.45,2.45,2.46,2.46,2.46,2.46,2.45,2.45,2.45,2.45,2.44,2.44,2.44,2.44,2.44,2.45,2.45,2.46,2.47,2.48,2.49,2.50,2.51,2.53,2.55,2.56,2.59,2.61,2.63,2.66,2.68,2.71,2.74,2.76,2.79,2.82,2.84,2.87,2.90,2.92,2.95,2.97,2.99,3.01,3.03,3.05,3.07,3.09,3.10,3.12,3.13,3.15,3.16,3.18,3.19,3.20,3.21,3.23,3.24,3.25,3.27,3.28,3.29,3.30,3.31,3.32,3.33,3.34,3.35,3.36,3.37,3.38,3.39,3.40,3.41,3.42,3.43,3.44,3.45,3.46,3.47,3.48,3.49,3.50,3.51,3.52,3.54,3.55,3.57,3.59,3.61,3.63,3.65,3.67,3.70,3.72,3.74,3.76,3.79,3.81,3.84,3.86,3.89,3.92,3.94,3.97,4.00,4.03,4.07,4.10,4.13,4.16,4.19,4.22,4.25,4.28,4.31,4.33,4.35,4.38,4.40,4.42,4.44,4.46,4.48,4.49,4.51,4.52,4.53,4.54,4.55,4.56,4.57,4.58,4.58,4.58,4.59,4.59,4.59,4.59,4.59,4.58,4.58,4.58,4.57,4.57,4.57,4.56,4.56,4.55,4.55,4.54,4.54,4.53,4.53,4.53,4.52,4.52,4.52,4.51,4.51,4.51,4.51,4.51,4.51,4.51,4.52,4.52,4.53,4.54,4.54,4.56,4.57,4.58,4.60,4.62,4.64,4.66,4.68,4.71,4.73,4.75,4.78,4.80,4.82,4.85,4.87,4.89,4.91,4.93,4.95,4.97,4.98,4.99,5.00,5.01,5.02,5.02,5.02,5.02,5.02,5.02,5.01,5.00,4.99,4.98,4.97,4.96,4.95,4.93,4.92,4.91,4.89,4.87,4.85,4.84,4.82,4.80,4.78,4.77,4.75,4.73,4.72,4.70,4.69,4.67,4.66,4.65,4.63,4.62,4.61,4.60,4.59,4.58,4.58,4.57,4.56,4.56,4.56,4.55,4.55,4.55,4.55,4.55,4.55,4.55,4.56,4.56,4.56,4.56,4.57,4.57,4.57,4.58,4.58,4.59,4.60,4.60,4.61,4.62,4.63,4.64,4.65,4.65,4.66,4.67,4.68,4.70,4.71,4.72,4.74,4.76,4.78,4.80,4.81,4.83,4.85,4.87,4.89,4.91,4.93,4.95,4.95,4.94,4.93,4.89,4.84,4.79,4.75,4.71,4.68,4.66,4.64,4.63,4.62,4.62,4.63,4.64,4.66,4.69,4.71,4.75,4.78,4.83,4.87,4.91,4.96,5.01,5.05,5.10,5.14,5.19,5.22,5.26,5.29,5.33,5.35,5.38,5.40,5.42,5.44,5.45,5.46,5.46,5.47,5.46,5.46,5.44,5.43,5.41,5.38,5.35,5.32,5.28,5.23,5.19,5.14,5.10,5.04,4.99,4.92,4.85,4.78,4.71,4.65,4.56,4.49,4.40,4.32,4.25,4.17,4.07,3.99,3.89,3.79,3.70,3.62,3.53,3.43,3.34,3.26,3.17,3.07,2.98,2.89,2.80,2.71,2.62,2.53,2.44,2.35,2.26,2.17,2.08,1.99,1.90,1.81,1.71,1.61,1.52,1.42,1.33,1.25,1.16,1.10,1.04,1.00,0.97,0.94,0.92,0.91,0.91,
"elevator(%)",-0.02,-0.02,-0.02,-0.02,-0.03,-0.03,-0.03,-0.03,-0.03,-0.03,-0.03,-0.03,-0.02,-0.01,-0.00,0.00,0.01,0.01,0.01,0.01,0.01,0.01,0.01,0.00,-0.00,-0.01,-0.02,-0.02,-0.02,-0.03,-0.03,-0.03,-0.03,-0.03,-0.03,-0.03,-0.03,-0.03,-0.04,-0.04,-0.05,-0.05,-0.05,-0.06,-0.07,-0.08,-0.08,-0.08,-0.08,-0.08,-0.08,-0.08,-0.07,-0.07,-0.07,-0.07,-0.07,-0.07,-0.07,-0.06,-0.04,-0.03,-0.02,-0.02,-0.02,-0.02,-0.02,-0.03,-0.02,-0.02,-0.02,-0.02,-0.02,-0.02,-0.02,-0.02,-0.02,-0.03,-0.02,-0.02,-0.02,-0.02,-0.03,-0.02,-0.02,-0.02,-0.02,-0.03,-0.03,-0.03,-0.03,-0.03,-0.02,-0.02,-0.01,-0.01,-0.01,-0.00,-0.00,-0.00,-0.01,-0.00,-0.00,-0.00,-0.00,-0.00,-0.00,-0.01,-0.01,-0.02,-0.02,-0.02,-0.02,-0.02,-0.02,-0.02,-0.01,-0.01,0.01,0.02,0.02,0.02,0.03,0.03,0.04,0.04,0.04,0.04,0.04,0.04,0.05,0.05,0.06,0.06,0.06,0.06,0.05,0.06,0.06,0.06,0.06,0.05,0.05,0.05,0.05,0.04,0.03,0.03,0.03,0.03,0.03,0.04,0.04,0.04,0.04,0.05,0.05,0.05,0.05,0.05,0.05,0.05,0.05,0.05,0.05,0.05,0.06,0.05,0.05,0.06,0.06,0.05,0.05,0.05,0.06,0.06,0.06,0.06,0.06,0.05,0.06,0.06,0.06,0.06,0.06,0.06,0.06,0.06,0.07,0.06,0.08,0.09,0.09,0.09,0.09,0.09,0.09,0.09,0.09,0.09,0.09,0.09,0.09,0.09,0.09,0.09,0.09,0.10,0.10,0.10,0.10,0.10,0.10,0.10,0.10,0.10,0.09,0.10,0.10,0.10,0.10,0.08,0.08,0.08,0.07,0.07,0.07,0.07,0.07,0.07,0.07,0.07,0.07,0.07,0.07,0.08,0.07,0.06,0.06,0.06,0.06,0.06,0.05,0.06,0.06,0.06,0.06,0.06,0.06,0.06,0.06,0.06,0.06,0.06,0.06,0.06,0.06,0.06,0.06,0.06,0.06,0.06,0.06,0.06,0.07,0.06,0.07,0.07,0.06,0.07,0.07,0.07,0.08,0.08,0.08,0.08,0.09,0.09,0.10,0.10,0.10,0.10,0.11,0.11,0.11,0.11,0.10,0.10,0.10,0.10,0.10,0.10,0.10,0.10,0.10,0.09,0.08,0.08,0.08,0.07,0.07,0.07,0.07,0.07,0.07,0.07,0.07,0.07,0.07,0.07,0.07,0.07,0.08,0.08,0.08,0.08,0.08,0.08,0.08,0.08,0.09,0.08,0.09,0.09,0.10,0.11,0.10,0.11,0.11,0.11,0.11,0.11,0.11,0.11,0.11,0.12,0.12,0.13,0.13,0.13,0.13,0.13,0.13,0.13,0.14,0.14,0.15,0.15,0.15,0.15,0.15,0.15,0.15,0.15,0.16,0.15,0.16,0.16,0.16,0.16,0.17,0.18,0.19,0.19,0.19,0.19,0.18,0.19,0.19,0.18,0.19,0.19,0.20,0.21,0.22,0.23,0.23,0.24,0.24,0.25,0.25,0.25,0.25,0.25,0.25,0.25,0.25,0.25,0.25,0.26,0.26,0.27,0.27,0.28,0.29,0.29,0.29,0.29,0.29,0.29,0.29,0.29,0.29,0.29,0.29,0.28,0.28,0.28,0.28,0.28,0.28,0.28,0.27,0.26,0.24,0.22,0.21,0.19,0.18,0.18,0.17,0.17,0.17,0.17,0.16,0.16,0.16,0.16,0.15,0.15,0.14,0.13,0.12,0.12,0.11,0.11,0.10,0.11,0.11,0.11,0.11,0.11,0.11,0.12,0.12,0.12,0.12,0.11,0.11,0.11,0.11,0.12,0.12,0.11,0.12,0.12,0.12,0.13,0.13,0.13,0.13,0.13,0.13,0.13,0.14,0.14,0.14,0.14,0.14,0.14,0.14,0.15,0.15,0.15,0.15,0.15,0.15,0.15,0.16,0.16,0.16,0.16,0.16,0.16,0.16,0.16,0.16,0.16,0.16,0.17,0.17,0.16,0.16,0.16,0.15,0.15,0.15,0.14,0.14,0.14,
"engine(%)",0.49,0.49,0.49,0.49,0.49,0.49,0.49,0.49,0.49,0.49,0.49,0.49,0.49,0.49,0.49,0.49,0.49,0.49,0.49,0.49,0.49,0.49,0.49,0.49,0.49,0.49,0.49,0.49,0.49,0.49,0.49,0.49,0.49,0.49,0.49,0.49,0.49,0.49,0.49,0.49,0.49,0.49,0.49,0.49,0.49,0.49,0.49,0.49,0.49,0.49,0.49,0.49,0.49,0.49,0.49,0.49,0.49,0.49,0.49,0.49,0.49,0.49,0.49,0.49,0.49,0.49,0.49,0.49,0.49,0.49,0.49,0.49,0.49,0.50,0.50,0.50,0.50,0.50,0.50,0.50,0.52,0.52,0.53,0.53,0.53,0.53,0.53,0.53,0.53,0.53,0.53,0.53,0.53,0.53,0.53,0.53,0.53,0.53,0.53,0.53,0.53,0.53,0.53,0.53,0.53,0.53,0.53,0.53,0.53,0.53,0.53,0.53,0.53,0.53,0.53,0.53,0.53,0.53,0.52,0.52,0.52,0.52,0.52,0.52,0.52,0.53,0.53,0.53,0.53,0.55,0.56,0.56,0.56,0.56,0.56,0.56,0.56,0.56,0.56,0.56,0.56,0.56,0.56,0.56,0.56,0.56,0.56,0.56,0.56,0.56,0.56,0.56,0.56,0.55,0.55,0.56,0.56,0.56,0.56,0.56,0.56,0.56,0.56,0.56,0.56,0.56,0.56,0.56,0.56,0.56,0.56,0.56,0.56,0.56,0.56,0.56,0.56,0.56,0.55,0.55,0.56,0.56,0.56,0.56,0.56,0.56,0.56,0.56,0.56,0.56,0.56,0.56,0.56,0.55,0.55,0.56,0.56,0.56,0.56,0.56,0.56,0.55,0.55,0.55,0.55,0.55,0.55,0.55,0.55,0.56,0.55,0.55,0.56,0.56,0.55,0.55,0.56,0.56,0.56,0.56,0.56,0.56,0.56,0.56,0.55,0.55,0.55,0.55,0.55,0.55,0.55,0.53,0.53,0.52,0.52,0.50,0.50,0.50,0.50,0.50,0.50,0.50,0.49,0.49,0.49,0.47,0.47,0.47,0.47,0.46,0.46,0.46,0.46,0.44,0.43,0.43,0.42,0.42,0.40,0.40,0.39,0.39,0.37,0.36,0.36,0.35,0.35,0.34,0.33,0.33,0.32,0.32,0.32,0.32,0.32,0.31,0.31,0.31,0.31,0.31,0.31,0.31,0.31,0.31,0.31,0.31,0.31,0.31,0.31,0.31,0.31,0.31,0.31,0.31,0.31,0.31,0.31,0.31,0.31,0.31,0.31,0.31,0.31,0.31,0.31,0.31,0.31,0.31,0.31,0.31,0.31,0.31,0.31,0.31,0.31,0.31,0.31,0.31,0.31,0.31,0.31,0.31,0.31,0.31,0.31,0.31,0.31,0.31,0.31,0.31,0.30,0.31,0.31,0.29,0.29,0.29,0.29,0.28,0.28,0.28,0.28,0.28,0.28,0.28,0.27,0.27,0.27,0.27,0.27,0.28,0.28,0.28,0.27,0.27,0.27,0.27,0.27,0.27,0.27,0.27,0.27,0.27,0.27,0.27,0.27,0.27,0.27,0.27,0.27,0.27,0.27,0.27,0.27,0.27,0.27,0.27,0.27,0.27,0.27,0.27,0.27,0.27,0.27,0.27,0.27,0.27,0.27,0.27,0.27,0.27,0.27,0.27,0.27,0.27,0.27,0.27,0.27,0.27,0.27,0.27,0.27,0.27,0.27,0.27,0.27,0.27,0.27,0.27,0.27,0.27,0.27,0.27,0.26,0.26,0.24,0.24,0.23,0.22,0.22,0.21,0.21,0.19,0.19,0.18,0.17,0.17,0.15,0.15,0.13,0.10,0.10,0.07,0.07,0.05,0.05,0.03,0.02,0.02,0.00,0.00,0.00,0.00,0.00,0.00,0.00,0.00,0.00,0.00,0.00,0.00,0.00,0.00,0.00,0.00,0.00,0.00,0.00,0.00,0.00,0.00,0.00,0.00,0.00,0.00,0.00,0.00,0.00,0.00,0.00,0.00,0.00,0.00,0.00,0.00,0.00,0.00,0.00,0.00,0.00,0.00,0.00,0.00,0.00,0.00,0.00,0.00,0.00,0.00,0.00,0.00,0.00,0.00,0.00,0.00,0.00,0.00,0.00,0.00,0.00,0.00,
"AGL(meter)",7.24,7.21,7.17,7.14,7.10,7.07,7.03,7.00,6.97,6.94,6.90,6.86,6.83,6.80,6.76,6.73,6.70,6.67,6.63,6.60,6.57,6.53,6.50,6.46,6.42,6.38,6.35,6.32,6.28,6.25,6.21,6.18,6.15,6.11,6.08,6.05,6.02,6.00,5.97,5.94,5.91,5.88,5.85,5.82,5.79,5.77,5.74,5.71,5.68,5.65,5.63,5.60,5.57,5.55,5.52,5.49,5.47,5.44,5.42,5.38,5.36,5.33,5.31,5.28,5.25,5.22,5.20,5.17,5.13,5.11,5.08,5.06,5.03,5.01,4.98,4.96,4.93,4.90,4.88,4.85,4.83,4.81,4.78,4.75,4.73,4.70,4.68,4.65,4.62,4.60,4.57,4.54,4.51,4.48,4.45,4.42,4.39,4.36,4.33,4.30,4.27,4.24,4.21,4.18,4.15,4.12,4.10,4.07,4.04,4.01,3.98,3.95,3.92,3.90,3.87,3.84,3.82,3.79,3.76,3.74,3.71,3.69,3.66,3.64,3.61,3.59,3.56,3.53,3.50,3.48,3.45,3.42,3.39,3.37,3.34,3.31,3.28,3.26,3.23,3.20,3.18,3.15,3.13,3.10,3.08,3.05,3.02,3.00,2.97,2.95,2.93,2.90,2.88,2.86,2.83,2.81,2.78,2.76,2.74,2.72,2.70,2.67,2.65,2.63,2.61,2.59,2.57,2.55,2.52,2.50,2.48,2.46,2.44,2.42,2.40,2.38,2.36,2.34,2.32,2.30,2.28,2.26,2.24,2.22,2.20,2.18,2.16,2.14,2.13,2.11,2.09,2.07,2.05,2.04,2.02,2.00,1.99,1.97,1.95,1.93,1.92,1.90,1.89,1.87,1.86,1.85,1.83,1.82,1.81,1.79,1.78,1.77,1.76,1.75,1.73,1.72,1.71,1.69,1.68,1.67,1.65,1.64,1.62,1.61,1.59,1.58,1.57,1.56,1.55,1.54,1.53,1.52,1.50,1.49,1.48,1.47,1.46,1.45,1.44,1.43,1.43,1.42,1.41,1.40,1.39,1.38,1.37,1.37,1.36,1.35,1.35,1.34,1.33,1.33,1.32,1.32,1.31,1.31,1.30,1.29,1.29,1.28,1.27,1.27,1.26,1.26,1.25,1.25,1.24,1.24,1.23,1.23,1.23,1.22,1.22,1.21,1.21,1.20,1.19,1.19,1.19,1.18,1.17,1.17,1.17,1.16,1.16,1.15,1.15,1.14,1.14,1.14,1.13,1.13,1.12,1.11,1.11,1.10,1.10,1.10,1.09,1.09,1.09,1.08,1.08,1.07,1.07,1.06,1.06,1.05,1.05,1.04,1.04,1.03,1.02,1.02,1.01,1.01,1.00,1.00,0.99,0.98,0.98,0.97,0.97,0.96,0.96,0.95,0.94,0.94,0.93,0.92,0.92,0.91,0.90,0.89,0.88,0.88,0.87,0.86,0.85,0.84,0.83,0.82,0.81,0.80,0.79,0.78,0.77,0.76,0.75,0.74,0.73,0.72,0.71,0.69,0.68,0.67,0.66,0.65,0.64,0.62,0.61,0.59,0.58,0.57,0.55,0.54,0.53,0.51,0.50,0.49,0.47,0.45,0.44,0.42,0.40,0.38,0.37,0.35,0.33,0.32,0.30,0.28,0.26,0.24,0.23,0.21,0.19,0.17,0.15,0.14,0.13,0.12,0.12,0.12,0.12,0.12,0.12,0.13,0.13,0.13,0.13,0.14,0.14,0.14,0.14,0.14,0.14,0.14,0.14,0.15,0.15,0.15,0.15,0.15,0.15,0.15,0.15,0.15,0.15,0.15,0.15,0.14,0.14,0.14,0.14,0.14,0.14,0.14,0.14,0.14,0.14,0.14,0.14,0.14,0.14,0.14,0.14,0.14,0.14,0.14,0.14,0.14,0.14,0.14,0.14,0.14,0.14,0.14,0.14,0.14,0.14,0.14,0.14,0.14,0.14,0.14,0.14,0.14,0.14,0.14,0.14,0.14,0.14,0.13,0.13,0.13,0.13,0.13,0.13,0.13,0.12,0.12,0.12,0.12,0.12,0.12,0.12,0.12,0.12,0.12,0.12,0.12,0.12,0.12,0.11,0.11,0.11,0.11,0.11,0.11,0.11,0.11,0.11,0.11,0.11,0.11,0.11,0.11,
"ground speed(meter/s)",26.16,26.16,26.16,26.17,26.17,26.17,26.17,26.17,26.17,26.17,26.17,26.17,26.17,26.17,26.17,26.17,26.17,26.18,26.18,26.18,26.18,26.18,26.18,26.18,26.18,26.18,26.18,26.18,26.18,26.18,26.18,26.18,26.18,26.18,26.18,26.18,26.18,26.18,26.18,26.18,26.18,26.18,26.18,26.18,26.18,26.18,26.18,26.18,26.18,26.18,26.18,26.18,26.18,26.18,26.18,26.18,26.18,26.18,26.18,26.18,26.18,26.18,26.18,26.18,26.18,26.18,26.18,26.18,26.18,26.18,26.18,26.18,26.18,26.19,26.19,26.19,26.19,26.19,26.19,26.19,26.20,26.20,26.20,26.20,26.20,26.20,26.21,26.21,26.21,26.21,26.22,26.22,26.22,26.23,26.23,26.23,26.24,26.24,26.25,26.25,26.25,26.26,26.26,26.27,26.27,26.27,26.28,26.28,26.29,26.29,26.30,26.30,26.30,26.31,26.31,26.32,26.32,26.32,26.33,26.33,26.34,26.34,26.34,26.35,26.35,26.36,26.36,26.37,26.37,26.38,26.38,26.39,26.39,26.40,26.40,26.41,26.41,26.42,26.42,26.43,26.43,26.44,26.44,26.45,26.45,26.46,26.46,26.47,26.47,26.48,26.48,26.49,26.49,26.50,26.50,26.51,26.51,26.52,26.52,26.52,26.53,26.53,26.54,26.54,26.55,26.55,26.56,26.56,26.57,26.57,26.58,26.58,26.58,26.59,26.59,26.60,26.60,26.61,26.61,26.61,26.62,26.62,26.63,26.63,26.64,26.64,26.64,26.65,26.65,26.66,26.66,26.66,26.67,26.67,26.68,26.68,26.68,26.69,26.69,26.69,26.70,26.70,26.70,26.70,26.71,26.71,26.71,26.72,26.72,26.72,26.72,26.73,26.73,26.73,26.73,26.73,26.74,26.74,26.74,26.74,26.74,26.75,26.75,26.75,26.75,26.75,26.75,26.75,26.75,26.75,26.76,26.76,26.76,26.76,26.76,26.76,26.76,26.76,26.75,26.75,26.75,26.75,26.75,26.75,26.75,26.75,26.74,26.74,26.74,26.74,26.73,26.73,26.73,26.73,26.72,26.72,26.71,26.71,26.71,26.70,26.70,26.69,26.69,26.68,26.68,26.67,26.66,26.66,26.65,26.64,26.63,26.63,26.62,26.61,26.60,26.59,26.58,26.57,26.56,26.55,26.54,26.53,26.52,26.51,26.50,26.48,26.47,26.46,26.45,26.44,26.43,26.42,26.40,26.39,26.38,26.37,26.36,26.35,26.33,26.32,26.31,26.30,26.29,26.27,26.26,26.25,26.23,26.22,26.21,26.19,26.18,26.17,26.15,26.14,26.13,26.11,26.10,26.09,26.08,26.06,26.05,26.04,26.02,26.01,26.00,25.98,25.97,25.96,25.95,25.93,25.92,25.91,25.90,25.88,25.87,25.86,25.85,25.84,25.83,25.81,25.80,25.79,25.78,25.77,25.76,25.75,25.74,25.73,25.71,25.70,25.69,25.68,25.67,25.66,25.65,25.64,25.63,25.62,25.61,25.60,25.59,25.58,25.57,25.56,25.55,25.54,25.53,25.52,25.51,25.50,25.49,25.48,25.47,25.46,25.45,25.44,25.43,25.42,25.40,25.40,25.39,25.38,25.37,25.36,25.35,25.34,25.34,25.33,25.32,25.30,25.28,25.27,25.25,25.22,25.20,25.18,25.16,25.14,25.13,25.11,25.10,25.09,25.07,25.06,25.04,25.03,25.02,25.00,24.99,24.97,24.96,24.94,24.93,24.91,24.90,24.89,24.87,24.86,24.84,24.83,24.81,24.80,24.78,24.76,24.75,24.73,24.72,24.70,24.68,24.67,24.65,24.64,24.62,24.60,24.59,24.57,24.55,24.53,24.51,24.50,24.48,24.46,24.44,24.42,24.40,24.38,24.36,24.35,24.32,24.30,24.28,24.26,24.24,24.22,24.20,24.18,24.16,24.14,24.12,24.10,24.08,24.06,24.04,24.02,24.00,23.98,23.96,23.94,23.92,23.90,23.88,23.86,23.85,23.83,23.81,23.79,23.77,23.75,23.73,23.72,23.70,23.68,23.66,23.64,23.63,23.60,23.58,23.57,23.54,23.53,23.51,23.49,23.47,23.45,23.43,23.42,23.40,23.38,23.36,23.35,
"total weight(Kg)",910.31,910.31,910.31,910.31,910.31,910.30,910.30,910.30,910.30,910.30,910.30,910.30,910.30,910.30,910.30,910.30,910.30,910.30,910.30,910.30,910.30,910.30,910.30,910.30,910.30,910.30,910.30,910.30,910.30,910.30,910.30,910.30,910.30,910.30,910.30,910.30,910.30,910.30,910.30,910.30,910.30,910.30,910.30,910.30,910.30,910.30,910.30,910.30,910.30,910.30,910.30,910.30,910.30,910.30,910.30,910.30,910.30,910.30,910.30,910.30,910.30,910.30,910.30,910.30,910.30,910.30,910.30,910.30,910.30,910.30,910.30,910.30,910.30,910.30,910.30,910.30,910.30,910.30,910.30,910.30,910.30,910.30,910.30,910.30,910.30,910.30,910.30,910.30,910.30,910.30,910.30,910.29,910.29,910.29,910.29,910.29,910.29,910.29,910.29,910.29,910.29,910.29,910.29,910.29,910.29,910.29,910.29,910.29,910.29,910.29,910.29,910.29,910.29,910.29,910.29,910.29,910.29,910.29,910.29,910.29,910.29,910.29,910.29,910.29,910.29,910.29,910.29,910.29,910.29,910.29,910.29,910.29,910.29,910.29,910.29,910.29,910.29,910.29,910.29,910.29,910.29,910.29,910.29,910.29,910.29,910.29,910.29,910.29,910.29,910.29,910.29,910.29,910.29,910.29,910.29,910.29,910.29,910.29,910.29,910.29,910.29,910.29,910.29,910.29,910.29,910.29,910.29,910.29,910.29,910.29,910.29,910.29,910.29,910.29,910.29,910.29,910.29,910.29,910.28,910.28,910.28,910.28,910.28,910.28,910.28,910.28,910.28,910.28,910.28,910.28,910.28,910.28,910.28,910.28,910.28,910.28,910.28,910.28,910.28,910.28,910.28,910.28,910.28,910.28,910.28,910.28,910.28,910.28,910.28,910.28,910.28,910.28,910.28,910.28,910.28,910.28,910.28,910.28,910.28,910.28,910.28,910.28,910.28,910.28,910.28,910.28,910.28,910.28,910.28,910.28,910.28,910.28,910.28,910.28,910.28,910.28,910.28,910.28,910.28,910.28,910.28,910.28,910.28,910.28,910.28,910.28,910.28,910.28,910.28,910.28,910.28,910.28,910.28,910.28,910.28,910.28,910.28,910.28,910.28,910.28,910.28,910.28,910.28,910.28,910.28,910.28,910.28,910.27,910.27,910.27,910.27,910.27,910.27,910.27,910.27,910.27,910.27,910.27,910.27,910.27,910.27,910.27,910.27,910.27,910.27,910.27,910.27,910.27,910.27,910.27,910.27,910.27,910.27,910.27,910.27,910.27,910.27,910.27,910.27,910.27,910.27,910.27,910.27,910.27,910.27,910.27,910.27,910.27,910.27,910.27,910.27,910.27,910.27,910.27,910.27,910.27,910.27,910.27,910.27,910.27,910.27,910.27,910.27,910.27,910.27,910.27,910.27,910.27,910.27,910.27,910.27,910.27,910.27,910.27,910.27,910.27,910.27,910.27,910.27,910.27,910.27,910.27,910.27,910.27,910.27,910.27,910.27,910.27,910.27,910.27,910.27,910.27,910.27,910.27,910.27,910.27,910.27,910.27,910.27,910.27,910.27,910.27,910.27,910.27,910.27,910.27,910.27,910.27,910.27,910.27,910.27,910.27,910.27,910.27,910.27,910.27,910.27,910.27,910.27,910.27,910.27,910.27,910.27,910.27,910.27,910.27,910.27,910.27,910.27,910.27,910.27,910.27,910.27,910.27,910.27,910.27,910.27,910.27,910.26,910.26,910.26,910.26,910.26,910.26,910.26,910.26,910.26,910.26,910.26,910.26,910.26,910.26,910.26,910.26,910.26,910.26,910.26,910.26,910.26,910.26,910.26,910.26,910.26,910.26,910.26,910.26,910.26,910.26,910.26,910.26,910.26,910.26,910.26,910.26,910.26,910.26,910.26,910.26,910.26,910.26,910.26,910.26,910.26,910.26,910.26,910.26,910.26,910.26,910.26,910.26,910.26,910.26,910.26,910.26,910.26,910.26,910.26,910.26,910.26,910.26,910.26,910.26,910.26,910.26,910.26,910.26,910.26,910.26,910.26,910.26,910.26,910.26,910.26,910.26,910.26,910.26,910.26,910.26,910.26,910.26,910.26,910.26,910.26,910.26,910.26,910.26,910.26,910.26,910.26,910.26,910.26,910.26,910.26,910.26,910.26,910.26,910.26,910.26,910.26,910.26,
"gear force(N)",0.00,0.00,0.00,0.00,0.00,0.00,0.00,0.00,0.00,0.00,0.00,0.00,0.00,0.00,0.00,0.00,0.00,0.00,0.00,0.00,0.00,0.00,0.00,0.00,0.00,0.00,0.00,0.00,0.00,0.00,0.00,0.00,0.00,0.00,0.00,0.00,0.00,0.00,0.00,0.00,0.00,0.00,0.00,0.00,0.00,0.00,0.00,0.00,0.00,0.00,0.00,0.00,0.00,0.00,0.00,0.00,0.00,0.00,0.00,0.00,0.00,0.00,0.00,0.00,0.00,0.00,0.00,0.00,0.00,0.00,0.00,0.00,0.00,0.00,0.00,0.00,0.00,0.00,0.00,0.00,0.00,0.00,0.00,0.00,0.00,0.00,0.00,0.00,0.00,0.00,0.00,0.00,0.00,0.00,0.00,0.00,0.00,0.00,0.00,0.00,0.00,0.00,0.00,0.00,0.00,0.00,0.00,0.00,0.00,0.00,0.00,0.00,0.00,0.00,0.00,0.00,0.00,0.00,0.00,0.00,0.00,0.00,0.00,0.00,0.00,0.00,0.00,0.00,0.00,0.00,0.00,0.00,0.00,0.00,0.00,0.00,0.00,0.00,0.00,0.00,0.00,0.00,0.00,0.00,0.00,0.00,0.00,0.00,0.00,0.00,0.00,0.00,0.00,0.00,0.00,0.00,0.00,0.00,0.00,0.00,0.00,0.00,0.00,0.00,0.00,0.00,0.00,0.00,0.00,0.00,0.00,0.00,0.00,0.00,0.00,0.00,0.00,0.00,0.00,0.00,0.00,0.00,0.00,0.00,0.00,0.00,0.00,0.00,0.00,0.00,0.00,0.00,0.00,0.00,0.00,0.00,0.00,0.00,0.00,0.00,0.00,0.00,0.00,0.00,0.00,0.00,0.00,0.00,0.00,0.00,0.00,0.00,0.00,0.00,0.00,0.00,0.00,0.00,0.00,0.00,0.00,0.00,0.00,0.00,0.00,0.00,0.00,0.00,0.00,0.00,0.00,0.00,0.00,0.00,0.00,0.00,0.00,0.00,0.00,0.00,0.00,0.00,0.00,0.00,0.00,0.00,0.00,0.00,0.00,0.00,0.00,0.00,0.00,0.00,0.00,0.00,0.00,0.00,0.00,0.00,0.00,0.00,0.00,0.00,0.00,0.00,0.00,0.00,0.00,0.00,0.00,0.00,0.00,0.00,0.00,0.00,0.00,0.00,0.00,0.00,0.00,0.00,0.00,0.00,0.00,0.00,0.00,0.00,0.00,0.00,0.00,0.00,0.00,0.00,0.00,0.00,0.00,0.00,0.00,0.00,0.00,0.00,0.00,0.00,0.00,0.00,0.00,0.00,0.00,0.00,0.00,0.00,0.00,0.00,0.00,0.00,0.00,0.00,0.00,0.00,0.00,0.00,0.00,0.00,0.00,0.00,0.00,0.00,0.00,0.00,0.00,0.00,0.00,0.00,0.00,0.00,0.00,0.00,0.00,0.00,0.00,0.00,0.00,0.00,0.00,0.00,0.00,0.00,0.00,0.00,0.00,0.00,0.00,0.00,0.00,0.00,0.00,0.00,0.00,0.00,0.00,0.00,0.00,0.00,0.00,0.00,0.00,0.00,0.00,0.00,0.00,0.00,0.00,0.00,0.00,0.00,0.00,0.00,0.00,0.00,0.00,0.00,0.00,0.00,0.00,0.00,0.00,0.00,0.00,6362.57,4490.46,3429.10,10487.78,7182.99,4915.99,3330.24,2402.66,1903.18,1595.67,1229.84,990.95,900.39,913.85,934.09,957.17,1009.76,1094.90,1162.86,1105.94,1079.57,1110.61,1152.23,1165.09,1166.37,1150.35,1125.34,1144.58,1225.49,1266.18,1376.74,1371.18,1346.43,1386.92,1343.80,1283.15,1267.98,1275.58,1235.93,1146.49,1120.60,1118.41,1112.84,1118.54,1132.02,1201.83,1268.35,1258.41,1243.54,1228.27,1214.89,1229.16,1267.22,1309.57,1283.03,1284.86,1285.46,1315.20,1377.38,1446.61,1518.71,1588.89,1707.23,1801.78,1843.74,1883.76,1919.89,1902.84,1919.81,1993.24,2069.27,2039.76,2038.20,2126.01,2207.49,2255.91,2310.48,2385.17,2474.91,2575.24,2715.43,2829.23,2914.04,2979.61,3061.04,3120.49,3151.34,3156.63,3160.22,3121.43,3122.10,3217.51,3312.13,3361.88,3372.92,3410.27,3489.85,3573.99,3724.43,3839.52,3923.21,4711.97,4316.64,4076.44,4017.75,3989.46,3972.26,4029.98,4083.23,4141.25,4173.18,
"total force(N)",8932.21,8941.28,8940.11,8944.11,8972.72,9003.89,8996.56,8985.37,8968.27,8960.45,8975.50,9002.44,9008.85,8988.63,8967.82,8953.50,8983.61,9014.75,9036.75,9039.14,9044.99,9062.47,9071.15,9077.48,9097.96,9121.71,9129.26,9116.53,9117.46,9118.74,9108.40,9096.03,9112.16,9130.74,9151.34,9149.70,9139.28,9118.07,9114.36,9132.15,9148.76,9157.56,9152.36,9151.85,9150.89,9154.50,9146.69,9135.19,9125.21,9114.52,9086.73,9071.38,9055.51,9039.27,9022.87,9004.83,8987.99,8971.46,8954.26,8928.21,8901.83,8878.69,8863.38,8848.92,8838.70,8830.11,8821.40,8817.80,8806.74,8800.77,8798.00,8794.72,8787.66,8786.23,8791.33,8789.06,8788.54,8795.12,8791.25,8792.96,8793.74,8796.13,8798.03,8800.34,8803.39,8806.92,8810.58,8815.33,8820.60,8823.40,8827.74,8833.33,8835.17,8836.95,8838.50,8839.18,8844.38,8847.09,8853.69,8859.97,8870.70,8873.75,8879.63,8885.87,8891.84,8899.14,8904.62,8911.29,8921.99,8929.01,8932.05,8934.49,8936.41,8938.66,8939.70,8940.34,8938.17,8932.46,8922.54,8911.05,8906.25,8910.16,8906.94,8910.15,8911.80,8918.15,8924.44,8909.72,8932.03,8937.35,8935.25,8945.81,8936.35,8940.58,8957.76,8990.10,9012.22,9023.37,9039.77,9053.39,9061.47,9066.43,9073.50,9076.28,9094.00,9123.11,9151.96,9167.85,9181.86,9178.80,9174.76,9179.54,9185.50,9208.41,9216.08,9220.14,9219.56,9214.62,9204.91,9189.05,9195.01,9223.48,9243.44,9227.13,9216.59,9214.75,9217.67,9231.00,9224.26,9215.11,9204.61,9199.96,9198.52,9210.06,9215.00,9212.22,9199.42,9172.86,9161.36,9187.26,9205.61,9220.36,9225.43,9216.92,9206.23,9196.89,9189.79,9186.04,9179.00,9181.56,9175.64,9178.13,9181.74,9195.12,9200.93,9194.40,9197.70,9212.41,9236.65,9257.44,9273.72,9271.32,9256.91,9242.13,9225.12,9217.64,9206.13,9207.73,9228.78,9232.75,9238.82,9234.96,9249.56,9286.25,9320.83,9326.13,9304.79,9278.14,9265.92,9303.00,9325.86,9339.09,9331.58,9337.10,9363.85,9367.96,9362.48,9367.81,9385.23,9399.67,9398.38,9367.04,9360.18,9355.24,9352.44,9340.46,9346.92,9343.46,9334.29,9329.42,9321.20,9314.71,9305.15,9291.19,9278.38,9262.13,9250.38,9237.70,9223.23,9209.79,9199.59,9186.08,9170.25,9156.90,9148.72,9130.98,9118.46,9109.83,9095.20,9082.42,9071.04,9059.75,9047.88,9037.43,9023.41,9015.40,9003.17,8993.03,8984.63,8969.14,8961.12,8952.72,8933.92,8928.50,8922.87,8914.17,8906.58,8896.45,8886.85,8884.30,8885.01,8887.46,8887.59,8892.12,8894.74,8899.75,8911.36,8913.65,8920.43,8922.66,8927.07,8931.24,8935.31,8938.97,8946.58,8961.17,8969.62,8972.06,8970.03,8973.81,8971.61,8966.05,8961.76,8955.28,8945.76,8937.00,8927.78,8915.67,8905.21,8890.49,8882.74,8861.89,8849.04,8829.00,8815.22,8801.10,8788.04,8776.15,8762.46,8749.78,8731.12,8728.39,8703.95,8693.83,8676.02,8653.28,8648.41,8635.16,8626.79,8614.51,8609.33,8601.58,8591.61,8584.79,8579.43,8569.36,8563.10,8547.56,8542.35,8540.88,8539.85,8537.21,8541.08,8535.06,8529.82,8528.28,8526.43,8529.06,8529.08,8528.68,8532.74,8537.01,8540.38,8545.92,8545.50,8553.37,8554.93,8557.55,8562.18,8559.93,8558.10,8557.81,8554.63,8561.37,8567.40,8572.39,8585.48,8586.07,8593.94,8600.59,8605.99,8611.07,8604.27,8606.99,8601.66,8603.13,8608.24,8615.23,8620.54,8620.28,8618.15,8614.29,8614.75,8599.54,8635.51,8655.27,8657.40,8652.55,8661.25,14965.35,12840.15,11671.85,18669.78,15167.33,12686.45,10953.24,9934.00,9383.26,9043.95,8656.60,8412.75,8324.03,8346.60,8378.75,8415.43,8484.88,8582.97,8666.09,8626.38,8617.71,8669.48,8732.69,8766.50,8795.86,8814.27,8823.74,8873.85,8983.30,9044.05,9160.18,9162.12,9140.83,9177.46,9137.79,9075.77,9059.29,9062.36,9020.63,8931.51,8903.01,8909.34,8902.48,8905.88,8906.21,8969.05,9020.78,8991.72,8952.04,8912.02,8874.07,8857.60,8866.19,8874.77,8815.06,8786.85,8757.05,8755.32,8789.27,8818.28,8847.69,8871.51,8944.49,8993.73,8987.93,8976.74,8953.63,8885.55,8853.20,8878.26,8898.78,8818.35,8762.48,8793.72,8823.80,8821.10,8826.82,8846.21,8881.66,8929.59,9016.41,9065.54,9089.19,9091.61,9113.02,9115.43,9086.91,9030.21,8975.11,8878.13,8828.36,8871.03,8912.03,8908.44,8869.06,8851.06,8875.33,8896.90,8995.67,9043.92,9066.49,9790.04,9321.30,9031.80,8941.82,8885.62,8853.21,8893.79,8934.82,8979.77,9002.34,
